AA,AC,AT,AG,CA,CC,CT,CG,TA,TC,TT,TG,GA,GC,GT,GG,AAA,AAC,AAT,AAG,ACA,ACC,ACT,ACG,ATA,ATC,ATT,ATG,AGA,AGC,AGT,AGG,CAA,CAC,CAT,CAG,CCA,CCC,CCT,CCG,CTA,CTC,CTT,CTG,CGA,CGC,CGT,CGG,TAA,TAC,TAT,TAG,TCA,TCC,TCT,TCG,TTA,TTC,TTT,TTG,TGA,TGC,TGT,TGG,GAA,GAC,GAT,GAG,GCA,GCC,GCT,GCG,GTA,GTC,GTT,GTG,GGA,GGC,GGT,GGG,AAAA,AAAC,AAAT,AAAG,AACA,AACC,AACT,AACG,AATA,AATC,AATT,AATG,AAGA,AAGC,AAGT,AAGG,ACAA,ACAC,ACAT,ACAG,ACCA,ACCC,ACCT,ACCG,ACTA,ACTC,ACTT,ACTG,ACGA,ACGC,ACGT,ACGG,ATAA,ATAC,ATAT,ATAG,ATCA,ATCC,ATCT,ATCG,ATTA,ATTC,ATTT,ATTG,ATGA,ATGC,ATGT,ATGG,AGAA,AGAC,AGAT,AGAG,AGCA,AGCC,AGCT,AGCG,AGTA,AGTC,AGTT,AGTG,AGGA,AGGC,AGGT,AGGG,CAAA,CAAC,CAAT,CAAG,CACA,CACC,CACT,CACG,CATA,CATC,CATT,CATG,CAGA,CAGC,CAGT,CAGG,CCAA,CCAC,CCAT,CCAG,CCCA,CCCC,CCCT,CCCG,CCTA,CCTC,CCTT,CCTG,CCGA,CCGC,CCGT,CCGG,CTAA,CTAC,CTAT,CTAG,CTCA,CTCC,CTCT,CTCG,CTTA,CTTC,CTTT,CTTG,CTGA,CTGC,CTGT,CTGG,CGAA,CGAC,CGAT,CGAG,CGCA,CGCC,CGCT,CGCG,CGTA,CGTC,CGTT,CGTG,CGGA,CGGC,CGGT,CGGG,TAAA,TAAC,TAAT,TAAG,TACA,TACC,TACT,TACG,TATA,TATC,TATT,TATG,TAGA,TAGC,TAGT,TAGG,TCAA,TCAC,TCAT,TCAG,TCCA,TCCC,TCCT,TCCG,TCTA,TCTC,TCTT,TCTG,TCGA,TCGC,TCGT,TCGG,TTAA,TTAC,TTAT,TTAG,TTCA,TTCC,TTCT,TTCG,TTTA,TTTC,TTTT,TTTG,TTGA,TTGC,TTGT,TTGG,TGAA,TGAC,TGAT,TGAG,TGCA,TGCC,TGCT,TGCG,TGTA,TGTC,TGTT,TGTG,TGGA,TGGC,TGGT,TGGG,GAAA,GAAC,GAAT,GAAG,GACA,GACC,GACT,GACG,GATA,GATC,GATT,GATG,GAGA,GAGC,GAGT,GAGG,GCAA,GCAC,GCAT,GCAG,GCCA,GCCC,GCCT,GCCG,GCTA,GCTC,GCTT,GCTG,GCGA,GCGC,GCGT,GCGG,GTAA,GTAC,GTAT,GTAG,GTCA,GTCC,GTCT,GTCG,GTTA,GTTC,GTTT,GTTG,GTGA,GTGC,GTGT,GTGG,GGAA,GGAC,GGAT,GGAG,GGCA,GGCC,GGCT,GGCG,GGTA,GGTC,GGTT,GGTG,GGGA,GGGC,GGGT,GGGG
804,434,863,383,622,294,409,171,640,507,737,441,419,261,315,263,270,109,264,161,183,83,120,48,253,173,255,182,136,61,107,79,205,119,230,67,105,58,95,36,119,121,126,43,53,50,33,35,189,135,247,69,219,99,146,43,182,147,259,149,139,87,110,105,140,71,122,86,115,54,48,44,86,66,97,66,91,63,65,44,74,38,105,53,48,22,28,11,83,59,68,54,56,20,44,41,50,27,79,26,32,15,25,11,43,36,25,16,20,10,10,8,73,46,104,30,85,32,46,10,65,40,108,42,68,27,44,43,58,20,40,18,29,16,4,12,29,23,33,22,32,13,18,16,78,34,51,42,51,20,32,16,76,49,63,42,23,13,21,10,32,31,34,8,17,12,17,12,24,26,35,10,11,14,4,7,35,34,40,10,48,25,35,13,32,27,30,37,16,12,6,9,12,15,11,15,21,14,5,10,11,7,8,7,11,18,3,3,70,19,68,32,51,29,48,7,64,47,79,57,22,17,19,11,77,45,80,17,36,19,35,9,38,42,53,13,11,9,11,12,46,41,75,20,57,31,50,9,56,61,90,52,34,36,40,39,37,22,49,31,45,11,22,9,26,28,30,26,29,27,35,14,48,18,40,34,33,12,12,14,30,18,45,29,35,11,23,17,46,16,37,16,20,12,18,4,14,17,13,4,11,17,8,8,35,14,28,9,29,11,15,11,29,19,31,18,21,12,19,14,33,14,22,22,20,13,17,13,20,8,26,11,19,5,9,11
628,487,659,594,519,458,492,401,525,518,539,675,697,407,566,614,143,130,144,211,133,131,110,113,155,134,124,246,193,116,133,152,165,133,149,71,106,119,118,115,126,145,121,100,109,75,101,116,124,98,163,140,155,113,147,103,115,114,143,167,212,121,165,177,196,126,203,172,125,95,117,70,129,125,151,161,183,95,167,169,24,26,35,58,35,30,25,40,40,28,29,47,59,42,50,60,40,39,34,19,28,32,31,40,33,26,32,19,33,20,31,29,39,33,45,38,54,21,28,31,22,16,32,54,92,38,60,56,53,34,67,39,37,25,36,18,28,25,39,41,43,16,54,39,41,46,20,58,31,43,30,29,38,30,24,57,24,21,11,15,32,27,30,17,25,32,38,24,29,40,29,20,28,27,23,37,27,23,32,44,28,51,42,24,36,28,28,29,26,24,16,34,27,28,28,26,24,18,21,12,26,26,26,23,48,10,24,34,34,19,38,33,30,27,19,22,43,23,40,57,44,25,31,40,45,38,55,17,29,31,34,19,35,50,29,33,34,11,28,30,27,16,44,28,33,24,33,24,25,37,39,42,48,27,51,41,63,41,69,39,32,29,39,21,32,46,43,44,45,34,47,51,44,39,51,62,37,31,36,22,34,53,31,85,66,28,41,37,48,29,30,18,24,24,15,32,29,29,31,28,14,17,19,20,31,26,42,30,40,17,44,24,32,33,44,42,46,32,37,46,53,23,39,68,32,23,21,19,43,28,43,53,47,35,42,45
2107,766,1729,1210,1004,637,836,449,1356,898,2085,1141,1346,625,829,866,789,251,598,469,290,160,201,115,470,281,622,356,460,209,259,282,372,135,300,196,197,145,202,93,222,147,310,157,176,72,104,97,411,213,488,244,308,185,249,156,464,346,858,417,384,190,267,300,535,167,343,301,209,147,184,85,200,124,295,210,326,154,199,187,291,90,230,178,96,48,66,41,163,106,199,130,179,77,98,115,109,40,90,50,41,39,56,24,54,51,68,28,47,16,19,33,126,71,202,71,99,57,83,42,136,104,259,123,112,55,92,97,195,53,127,85,65,52,72,20,58,37,86,78,107,46,68,61,141,50,102,79,49,35,30,21,81,48,108,63,80,38,54,24,84,25,49,39,41,26,58,20,63,35,63,41,35,19,18,21,74,39,61,48,38,42,34,33,74,55,120,61,69,19,35,34,63,34,35,44,27,25,9,11,26,25,41,12,28,31,25,13,150,54,142,65,78,49,60,26,144,66,195,83,103,43,49,49,110,48,102,48,66,47,50,22,60,39,110,40,68,22,44,22,152,65,163,84,131,61,101,53,206,136,360,156,145,75,98,99,156,47,96,85,70,36,63,21,77,28,97,65,118,46,62,74,207,57,124,147,67,28,45,27,82,61,120,80,98,51,58,94,69,22,59,59,49,33,38,27,45,22,69,48,26,15,23,21,59,38,62,41,40,25,31,28,48,51,119,77,58,41,41,70,121,33,85,87,47,34,40,33,39,34,71,55,73,31,44,39
1649,611,1251,778,788,541,645,341,976,730,1645,771,877,433,580,534,715,209,421,304,223,158,142,88,296,253,471,231,287,141,179,171,293,116,231,147,150,129,196,66,171,125,252,97,144,70,67,60,320,155,349,152,251,158,209,112,382,264,696,303,261,127,205,178,321,131,250,175,164,96,98,75,127,88,226,139,185,95,129,125,288,84,196,147,77,57,40,35,119,83,123,96,111,52,68,73,83,38,69,32,50,50,49,9,31,31,53,27,41,18,12,17,87,36,119,54,91,51,74,37,87,77,215,92,79,28,66,58,111,34,84,58,49,40,39,13,31,28,74,46,58,34,41,38,139,32,76,46,40,30,31,15,47,51,90,43,55,29,40,23,60,27,35,28,38,15,48,28,62,42,65,27,33,16,10,7,73,22,49,27,43,30,34,18,68,52,90,42,41,7,24,25,49,43,32,20,29,14,10,17,17,6,26,18,15,13,14,18,153,50,80,37,48,38,46,23,78,56,167,48,54,27,33,38,98,28,82,43,32,39,69,18,50,35,95,29,50,16,30,16,123,66,144,49,95,59,73,37,177,107,295,117,97,72,83,51,98,38,65,60,55,23,29,20,51,31,87,36,70,18,51,39,135,43,69,74,58,33,25,15,52,63,91,44,67,33,38,37,52,23,45,44,30,25,30,11,28,17,39,14,20,20,15,20,37,31,37,22,22,18,28,20,50,28,96,52,44,20,31,44,63,16,69,37,31,19,20,25,28,23,39,39,42,30,23,30
0,0,0,0,0,0,0,0,0,0,0,0,0,0,0,0,0,0,0,0,0,0,0,0,0,0,0,0,0,0,0,0,0,0,0,0,0,0,0,0,0,0,0,0,0,0,0,0,0,0,0,0,0,0,0,0,0,0,0,0,0,0,0,0,0,0,0,0,0,0,0,0,0,0,0,0,0,0,0,0,0,0,0,0,0,0,0,0,0,0,0,0,0,0,0,0,0,0,0,0,0,0,0,0,0,0,0,0,0,0,0,0,0,0,0,0,0,0,0,0,0,0,0,0,0,0,0,0,0,0,0,0,0,0,0,0,0,0,0,0,0,0,0,0,0,0,0,0,0,0,0,0,0,0,0,0,0,0,0,0,0,0,0,0,0,0,0,0,0,0,0,0,0,0,0,0,0,0,0,0,0,0,0,0,0,0,0,0,0,0,0,0,0,0,0,0,0,0,0,0,0,0,0,0,0,0,0,0,0,0,0,0,0,0,0,0,0,0,0,0,0,0,0,0,0,0,0,0,0,0,0,0,0,0,0,0,0,0,0,0,0,0,0,0,0,0,0,0,0,0,0,0,0,0,0,0,0,0,0,0,0,0,0,0,0,0,0,0,0,0,0,0,0,0,0,0,0,0,0,0,0,0,0,0,0,0,0,0,0,0,0,0,0,0,0,0,0,0,0,0,0,0,0,0,0,0,0,0,0,0,0,0,0,0,0,0,0,0,0,0,0,0,0,0,0,0,0,0,0,0,0,0,0,0,0,0
1375,667,1288,714,876,614,998,312,1043,1069,1734,841,749,450,668,544,515,216,407,237,198,167,224,78,334,285,415,254,207,148,179,180,302,136,304,134,196,136,230,52,216,243,401,137,124,44,72,72,319,170,344,210,320,214,397,138,333,386,690,325,266,153,240,182,238,145,233,133,162,97,147,44,160,155,228,125,152,105,177,110,209,68,147,91,69,47,74,26,122,82,126,77,72,51,60,54,62,33,72,31,53,37,63,14,50,54,87,33,37,8,14,19,118,41,129,46,84,67,105,29,91,75,166,83,88,50,63,53,74,33,59,41,49,28,57,14,36,39,65,39,50,29,53,48,114,62,80,46,38,25,54,19,68,66,115,55,36,24,32,42,72,32,65,27,40,28,57,11,45,59,101,25,20,9,13,10,63,34,69,50,73,48,84,38,61,110,155,75,53,35,28,21,38,17,44,25,17,8,11,8,12,18,27,15,18,12,25,17,110,44,108,57,49,48,55,18,85,77,111,71,61,48,53,48,110,42,112,56,65,54,80,15,89,85,161,61,51,23,30,34,94,66,96,77,109,76,158,43,140,148,286,116,92,44,112,77,95,52,76,43,53,37,46,17,57,57,84,42,48,41,65,28,82,42,71,43,42,47,41,15,59,60,63,51,38,25,34,36,58,29,55,20,38,17,30,12,32,45,52,18,16,4,15,9,44,29,50,37,54,23,50,28,41,53,83,51,33,24,37,31,31,43,54,24,43,24,33,5,55,41,52,29,36,23,34,17
780,470,572,650,550,424,534,337,446,495,688,711,697,456,545,600,215,130,156,279,135,118,129,88,98,111,166,197,195,117,147,191,252,117,116,64,116,86,115,107,145,154,170,65,88,72,62,115,130,80,117,119,150,124,152,69,110,127,191,260,201,153,205,152,183,143,183,188,149,96,138,73,93,103,161,188,213,114,131,142,57,31,59,68,42,30,28,30,23,29,42,62,80,42,63,94,58,24,26,27,36,27,21,34,24,33,48,24,22,13,16,37,34,12,27,25,37,22,34,18,24,40,53,49,65,40,52,40,70,39,52,34,47,28,23,19,25,25,54,43,76,31,31,53,69,51,30,102,30,46,26,15,19,29,31,37,16,14,8,26,62,22,21,11,22,25,28,11,31,40,36,8,21,24,16,46,42,27,26,50,44,36,58,16,35,32,41,62,13,13,24,15,15,22,23,28,24,18,19,11,13,12,19,18,31,26,36,22,35,15,33,47,26,16,25,13,17,17,44,39,41,20,32,26,73,29,35,12,20,24,42,38,44,40,49,19,19,12,15,23,30,20,35,25,45,34,28,20,35,23,52,81,75,49,75,61,58,22,66,55,50,24,61,18,28,38,61,78,49,31,40,32,54,33,34,62,37,26,50,30,39,36,49,59,58,41,44,45,59,42,34,14,38,10,24,24,46,41,37,14,26,23,15,9,24,21,29,19,24,32,32,15,16,32,45,68,47,51,54,36,40,60,42,71,28,26,35,25,27,28,27,49,57,26,24,35
667,491,460,336,437,362,302,205,420,276,364,270,430,177,204,108,223,174,147,123,171,137,119,64,143,95,129,93,181,53,61,41,164,94,99,80,116,89,80,77,86,62,85,69,95,48,51,11,107,117,121,75,98,85,48,45,116,75,92,81,94,60,64,52,172,106,93,58,52,51,55,19,75,44,58,27,60,16,28,4,70,61,49,43,64,42,45,23,46,37,31,33,71,18,20,14,75,31,38,27,49,37,36,15,35,28,34,22,27,17,16,4,46,36,48,13,31,26,22,16,36,30,33,30,35,19,21,18,71,41,40,29,16,17,17,3,24,9,18,10,29,5,6,1,53,45,37,29,29,28,22,15,30,17,36,16,44,12,15,9,35,29,27,25,28,19,20,22,23,9,25,23,40,16,18,3,17,26,23,20,19,24,8,11,26,24,17,18,29,18,11,11,48,22,13,12,12,14,15,7,19,15,11,6,2,2,7,0,38,23,28,18,38,35,31,13,37,22,35,27,34,12,20,9,37,18,23,20,20,24,12,29,13,14,13,8,23,8,10,4,25,39,26,26,26,29,11,9,30,12,24,26,23,14,26,18,30,27,25,11,21,18,15,6,19,20,20,5,26,8,15,3,62,44,33,33,40,32,21,13,30,19,27,17,32,11,6,9,17,16,11,8,19,9,12,11,15,11,13,16,5,7,7,0,19,16,24,16,22,6,7,9,24,9,18,7,7,9,6,5,23,16,15,6,3,2,8,3,13,0,9,6,3,1,0,0
2057,885,1577,800,1107,863,1205,415,1282,1255,1975,996,874,587,750,731,863,293,581,320,294,193,299,99,437,355,504,281,227,166,200,207,399,215,347,145,283,215,280,85,239,289,454,223,150,78,91,96,463,227,381,211,374,298,427,156,379,437,799,360,293,184,273,246,332,150,268,124,156,157,199,75,227,174,218,131,204,159,186,182,387,115,244,117,110,63,86,34,196,109,174,102,105,52,69,94,112,50,92,39,62,48,67,16,59,59,112,69,37,20,20,22,177,71,126,63,103,75,132,45,103,98,220,83,92,52,79,58,97,39,72,19,43,46,63,14,66,44,60,30,69,34,51,53,153,78,98,70,60,49,86,20,88,87,108,64,39,40,37,29,98,63,85,37,76,51,67,21,46,83,117,34,31,19,19,16,68,55,73,43,79,85,90,35,67,132,170,85,52,62,56,53,53,29,41,27,19,20,18,21,22,29,20,20,24,26,14,32,182,59,146,76,78,45,77,27,82,94,135,70,46,56,48,61,132,74,112,56,90,84,99,25,88,102,165,72,61,21,34,40,134,49,120,76,129,106,150,52,167,158,320,154,108,54,95,103,107,42,104,40,51,58,64,11,88,63,76,46,64,57,66,59,141,41,93,57,46,36,50,18,71,65,87,45,37,18,46,23,57,28,58,13,55,32,47,23,46,45,60,48,21,18,18,18,84,52,62,29,63,32,55,24,42,49,89,38,41,16,42,32,75,40,51,38,43,33,54,29,51,38,62,35,47,42,55,38
419,292,427,552,396,349,486,269,262,460,815,783,613,399,592,661,114,72,76,157,83,91,81,37,54,83,107,183,140,90,130,192,119,67,133,76,102,86,87,74,87,132,209,58,81,32,60,96,44,58,81,79,103,99,155,103,48,161,294,312,219,156,190,218,142,95,137,239,108,73,163,55,73,84,205,230,173,121,212,155,29,25,29,31,18,32,16,6,6,18,24,28,38,23,50,46,36,12,28,7,24,26,17,24,18,18,40,5,16,6,9,6,7,8,24,15,24,17,25,17,6,22,55,24,61,36,38,48,50,22,29,39,25,21,35,9,18,19,50,43,54,46,52,40,34,12,19,54,17,21,21,8,25,18,32,58,18,11,16,31,34,20,26,22,31,26,17,12,22,29,30,6,14,7,16,37,19,21,17,30,27,34,46,25,14,38,70,87,24,6,15,13,12,9,16,44,9,7,9,7,6,8,22,24,25,16,31,24,9,11,5,19,20,15,12,11,12,16,17,36,18,18,15,28,26,19,30,27,29,22,27,21,17,44,73,21,35,13,22,33,10,7,16,15,33,33,57,38,19,55,99,121,77,66,81,88,35,28,65,91,42,28,66,20,28,23,56,83,52,37,85,44,42,24,23,53,28,23,32,12,11,31,34,61,66,37,49,87,23,16,49,20,18,12,26,17,30,41,66,26,16,6,13,20,8,22,24,19,19,15,27,23,9,46,70,80,57,48,56,69,45,36,27,65,32,17,53,19,21,34,77,80,42,22,44,47
1044,551,937,636,684,664,621,437,730,713,1128,758,710,478,643,541,365,171,328,179,178,134,148,91,270,192,271,204,241,113,168,114,223,134,209,118,188,207,165,104,106,186,209,120,127,99,96,115,228,144,204,154,167,201,217,128,206,234,434,254,202,149,221,186,227,102,196,185,151,122,91,114,148,101,214,180,140,117,158,126,136,58,103,68,57,36,51,27,86,61,105,76,75,28,49,27,56,30,63,29,46,33,34,21,34,37,50,27,24,19,21,27,89,55,72,54,61,47,50,34,65,42,107,57,56,36,68,44,81,31,68,61,44,28,17,24,45,27,48,48,33,23,32,26,63,45,76,39,53,33,32,16,56,48,53,52,26,34,41,17,58,51,55,24,42,91,51,23,21,53,64,27,22,25,32,25,39,15,31,21,37,58,54,37,40,53,79,37,31,26,36,27,36,28,30,33,24,34,23,18,15,18,37,26,24,31,33,27,79,31,79,38,46,36,40,22,68,45,55,36,61,15,48,30,53,26,56,32,59,60,58,24,35,71,70,41,38,32,25,33,57,46,60,43,47,69,82,36,69,100,172,93,75,51,78,50,66,27,62,47,48,41,35,25,54,36,72,59,42,37,60,47,87,36,70,34,22,29,25,26,60,38,58,40,79,36,30,40,56,27,35,33,41,23,22,36,16,25,25,25,43,23,18,30,43,28,41,36,22,27,31,21,32,39,76,67,40,36,39,65,44,16,36,44,35,19,16,47,34,20,57,47,41,26,33,26
153,224,141,158,183,183,201,179,165,179,192,126,176,160,127,163,35,37,37,44,40,74,63,47,40,39,42,20,49,39,30,40,58,58,23,43,62,39,33,49,66,49,48,38,70,34,42,33,30,53,45,37,43,36,46,54,31,52,69,40,17,41,28,40,30,76,36,34,38,34,59,29,28,39,33,27,40,46,27,50,12,9,3,11,9,15,11,2,12,6,17,2,15,11,7,11,18,9,4,8,31,11,9,23,26,6,16,15,16,14,13,4,15,14,9,2,7,12,12,8,12,8,15,7,2,10,3,5,9,22,11,7,10,7,20,2,3,7,16,4,20,8,6,6,6,15,17,20,7,28,9,14,3,10,2,8,13,13,6,11,16,21,6,19,10,9,16,4,14,6,6,7,28,6,11,4,5,26,16,19,9,10,11,19,4,19,11,14,3,11,10,14,10,32,10,18,8,9,10,7,6,14,8,14,1,11,6,15,11,7,7,5,12,12,11,18,16,11,13,5,13,5,8,11,14,15,6,8,13,9,4,10,15,13,10,8,20,6,8,20,4,6,14,7,18,9,13,12,13,15,28,13,11,10,9,10,4,2,8,3,9,9,15,8,6,10,6,6,4,19,9,8,6,6,10,8,12,19,32,13,9,12,10,5,8,10,9,7,10,13,7,8,8,10,4,12,11,24,16,8,6,8,10,5,6,7,6,9,9,5,10,15,2,10,15,6,1,10,5,11,7,20,7,6,11,9,14,12,13,8,3,3,15,8,6,21
549,286,414,386,357,250,291,172,314,294,411,370,416,240,272,324,185,92,105,167,84,72,79,51,89,86,104,135,126,69,79,112,112,76,96,72,90,49,69,42,71,68,79,73,66,29,37,40,112,55,96,51,105,71,74,44,101,90,128,92,112,76,92,90,140,63,117,96,78,58,69,35,53,50,100,69,112,66,64,82,62,29,40,54,27,23,28,14,16,15,32,42,48,37,36,46,27,18,23,15,34,11,19,8,24,16,20,19,16,4,19,12,32,20,28,9,32,19,20,15,27,30,31,16,37,25,40,33,53,18,28,27,21,16,19,13,16,17,26,20,38,27,19,28,37,23,18,34,20,27,20,9,22,18,28,28,26,9,14,23,32,24,20,14,12,11,18,8,13,17,14,25,15,10,4,13,30,11,23,7,25,18,18,7,26,21,20,12,19,28,15,11,14,12,24,16,5,12,7,5,8,4,17,8,9,7,8,16,34,19,19,40,16,10,14,15,23,15,22,36,18,7,14,12,31,26,22,26,25,17,19,10,22,19,21,12,20,5,12,7,35,14,31,21,34,17,27,12,22,26,44,36,34,13,21,24,37,16,37,22,22,17,29,8,19,18,31,24,34,20,20,16,52,21,28,39,21,12,17,13,28,38,22,29,34,16,15,31,22,8,31,17,19,10,13,16,12,16,24,17,15,10,2,8,15,10,14,14,14,17,9,10,26,13,33,28,22,10,15,22,36,17,28,31,30,13,14,9,10,11,26,17,31,12,17,22
10,10,27,14,19,4,15,6,21,18,42,22,10,12,19,13,2,2,1,5,4,1,4,1,6,3,11,7,1,2,5,6,1,4,14,0,2,0,1,1,3,2,8,2,2,0,2,2,4,3,7,7,7,2,7,2,9,8,16,9,3,6,9,4,2,1,5,2,6,1,3,2,3,5,7,4,4,4,3,1,0,1,0,1,2,0,0,0,0,0,1,0,1,1,2,1,1,1,2,0,1,0,0,0,0,1,2,1,1,0,0,0,2,2,2,0,0,1,1,1,2,2,5,2,2,0,3,2,0,0,1,0,0,0,1,1,0,3,1,1,4,2,0,0,0,0,0,1,1,1,2,0,2,2,6,4,0,0,0,0,0,2,0,0,0,0,0,0,1,0,0,0,0,0,1,0,1,0,2,0,1,0,1,0,3,1,4,0,1,1,0,0,1,0,1,0,0,0,0,0,1,0,1,0,0,0,1,1,0,1,1,2,1,0,2,0,3,0,1,3,0,1,1,5,0,1,6,0,1,0,0,1,2,1,3,1,0,0,1,1,1,1,1,6,5,0,3,0,4,3,3,6,0,4,3,2,0,0,2,1,4,0,1,1,2,2,3,2,0,2,1,0,2,0,0,0,0,0,0,1,1,1,3,0,0,0,2,0,0,0,6,0,0,0,1,0,0,0,3,0,1,0,0,1,0,0,2,1,1,1,2,1,0,2,4,1,0,1,3,0,1,1,1,1,2,1,1,0,0,0,2,1,0,0,1,0
420,235,435,304,297,168,355,129,360,302,510,452,317,245,324,196,128,63,143,86,67,47,99,22,105,76,111,143,101,53,103,47,100,58,88,51,46,28,71,23,91,75,139,50,32,43,36,18,93,70,100,97,104,46,105,46,91,103,159,157,117,107,128,100,99,44,104,70,80,47,80,38,73,48,101,102,66,42,57,31,44,18,38,28,22,8,25,8,36,20,37,50,29,19,25,13,22,15,15,15,15,10,17,5,31,25,38,5,8,5,7,2,24,24,37,20,27,10,30,9,25,25,38,23,38,27,35,43,30,14,33,24,18,13,17,5,37,11,25,30,16,10,11,10,30,23,29,18,12,20,22,4,15,20,22,31,23,4,14,10,14,8,17,7,11,4,8,5,16,14,31,10,4,9,7,3,25,19,20,27,24,16,20,15,20,22,53,44,14,11,13,12,8,6,10,8,21,10,9,3,2,8,12,14,6,3,6,3,21,10,49,13,21,9,37,3,29,20,25,26,27,16,45,9,37,11,36,20,9,8,22,7,23,24,39,19,15,10,14,7,25,17,24,25,35,13,38,16,28,33,42,56,38,39,54,26,42,15,40,20,29,20,43,15,20,21,50,37,29,28,30,13,33,12,27,27,12,10,15,7,25,16,27,36,22,14,19,15,27,24,20,9,11,6,24,6,21,12,31,16,5,19,8,6,19,10,19,25,18,7,17,6,18,23,26,34,27,30,26,19,18,9,21,18,12,4,11,15,14,8,14,21,15,1,10,5
257,208,338,164,290,207,309,149,233,334,375,292,188,206,211,194,70,51,71,65,70,47,66,25,78,80,107,73,47,44,41,32,87,68,91,43,66,33,68,40,54,92,97,66,26,34,43,46,55,54,100,24,97,72,108,57,66,102,105,102,83,70,65,74,45,35,76,32,57,55,67,27,35,60,66,50,32,58,62,42,16,17,23,14,14,8,17,12,22,13,22,14,18,22,13,12,30,17,16,6,18,5,12,12,17,16,18,15,3,4,8,10,20,17,31,10,24,17,29,10,23,24,32,28,26,15,13,19,16,7,17,7,16,7,16,5,10,12,12,7,10,9,7,6,27,18,15,27,23,15,21,9,18,33,21,19,12,10,14,7,14,17,20,15,9,8,10,6,7,25,29,7,11,1,12,16,17,15,19,3,21,26,25,20,15,37,11,34,18,22,12,14,3,9,5,9,6,16,8,4,4,18,9,12,8,16,14,8,15,8,25,7,20,15,18,1,22,17,46,15,7,6,6,5,26,18,38,15,20,8,33,11,16,33,35,24,9,21,14,13,12,11,37,6,35,18,35,14,14,28,37,26,32,20,22,28,20,11,40,12,16,15,27,12,8,17,30,10,9,22,26,17,12,8,8,17,13,9,10,3,16,17,18,25,10,6,8,8,17,16,17,7,19,12,13,11,14,18,15,20,3,8,9,7,6,11,13,5,17,11,19,13,14,13,25,14,7,13,17,13,6,8,14,4,19,17,16,6,13,13,15,21,5,11,15,11
374,404,291,298,463,490,367,244,229,399,368,249,302,271,218,213,84,118,79,93,105,148,80,71,57,77,91,66,81,81,68,68,134,128,105,95,161,135,129,65,54,138,103,72,85,58,56,45,57,76,48,48,111,124,82,82,83,129,95,61,68,62,52,67,99,82,59,62,86,83,76,26,35,55,79,49,68,70,42,33,13,28,19,24,34,44,26,14,22,20,21,16,27,30,13,23,29,28,24,23,57,34,39,18,13,30,17,20,22,21,17,11,23,18,7,9,21,25,15,16,21,23,29,18,17,16,11,22,32,22,14,13,32,10,34,5,4,22,27,15,24,18,12,14,30,40,30,34,25,56,21,26,15,27,42,21,29,27,24,15,44,49,39,29,37,45,35,18,14,50,41,24,20,12,15,18,9,23,16,6,37,44,26,31,18,45,24,16,26,20,10,16,24,19,18,24,17,21,12,8,10,11,19,16,16,21,6,2,17,17,13,10,25,25,13,13,9,17,11,11,14,8,9,17,28,34,22,27,44,26,37,17,17,30,18,17,34,19,16,13,15,30,15,23,38,37,26,28,16,43,23,13,12,16,20,13,27,17,15,9,21,18,15,8,9,9,23,11,23,20,15,9,24,33,17,25,21,23,20,18,11,13,17,18,11,16,22,13,33,17,20,16,23,30,18,12,10,28,27,11,9,6,8,3,10,5,10,10,15,18,15,7,28,18,19,14,13,10,10,16,16,24,12,16,16,34,15,5,12,13,10,7,5,11,9,8
